"名前","ファイル","種類","元ファイル名","作者","ライセンス","出典URL"
"法隆寺","/images/q/horyuji.webp","建築","Horyu-ji45s2s4500.jpg","663highland","CC BY 2.5","https://commons.wikimedia.org/wiki/File:Horyu-ji45s2s4500.jpg"
"東大寺","/images/q/todaiji.webp","建築","Tōdai-ji_Kon-dō.jpg","Wiiii","CC BY-SA 3.0","https://commons.wikimedia.org/wiki/File:T%C5%8Ddai-ji_Kon-d%C5%8D.jpg"
"唐招提寺","/images/q/toshodaiji.webp","建築","Toshodai-ji,_Golden_Hall_01.jpg","Naokijp","CC BY-SA 4.0","https://commons.wikimedia.org/wiki/File:Toshodai-ji,_Golden_Hall_01.jpg"
"平等院鳳凰堂","/images/q/byodoin.webp","建築","Phoenix_Hall_in_Byodo-in_Temple,_Ujirenge_Uji_city_2026.jpg","Tomio344456","CC0","https://commons.wikimedia.org/wiki/File:Phoenix_Hall_in_Byodo-in_Temple,_Ujirenge_Uji_city_2026.jpg"
"中尊寺金色堂","/images/q/konjikido.webp","建築","230728_Chusonji_Hiraizumi_Iwate_pref_Japan01s3.jpg","663highland","CC BY-SA 4.0","https://commons.wikimedia.org/wiki/File:230728_Chusonji_Hiraizumi_Iwate_pref_Japan01s3.jpg"
"金閣","/images/q/kinkaku.webp","建築","Kinkaku-ji_2015.JPG","Kakidai","CC BY-SA 4.0","https://commons.wikimedia.org/wiki/File:Kinkaku-ji_2015.JPG"
"銀閣","/images/q/ginkaku.webp","建築","Ginkakuji_Kyoto03-r.jpg","Oilstreet","CC BY 2.5","https://commons.wikimedia.org/wiki/File:Ginkakuji_Kyoto03-r.jpg"
"厳島神社","/images/q/itsukushima.webp","建築","Itsukushima_Shrine_Torii_Gate_(13890465459).jpg","redlegsfan21","CC BY-SA 2.0","https://commons.wikimedia.org/wiki/File:Itsukushima_Shrine_Torii_Gate_(13890465459).jpg"
"日光東照宮","/images/q/toshogu.webp","建築","Nikko_Toshogu_Yomeimon_Gate_2024.jpg","Jpatokal","CC BY-SA 4.0","https://commons.wikimedia.org/wiki/File:Nikko_Toshogu_Yomeimon_Gate_2024.jpg"
"姫路城","/images/q/himeji.webp","建築","Himeji_castle_in_may_2015.jpg","Nikos Kitsakis","CC BY-SA 4.0","https://commons.wikimedia.org/wiki/File:Himeji_castle_in_may_2015.jpg"
"富岡製糸場","/images/q/tomioka.webp","建築","Tomioka_Silk_Mill_East_Cocoon_Warehouse05.jpg","Hasec","Public domain","https://commons.wikimedia.org/wiki/File:Tomioka_Silk_Mill_East_Cocoon_Warehouse05.jpg"
"原爆ドーム","/images/q/genbaku-dome.webp","建築","Genbaku_Dome04-r.JPG","Oilstreet","CC BY 2.5","https://commons.wikimedia.org/wiki/File:Genbaku_Dome04-r.JPG"
"首里城","/images/q/shurijo.webp","建築","Naha_Okinawa_Japan_Shuri-Castle-01.jpg","CEphoto, Uwe Aranas","CC BY-SA 3.0","https://commons.wikimedia.org/wiki/File:Naha_Okinawa_Japan_Shuri-Castle-01.jpg"
"五稜郭","/images/q/goryokaku.webp","建築","Hakodate_Goryokaku_Panorama_1.JPG","Keihin nike","CC BY-SA 3.0","https://commons.wikimedia.org/wiki/File:Hakodate_Goryokaku_Panorama_1.JPG"
"鹿鳴館","/images/q/rokumeikan.webp","建築","Tokyo-Rokumeikan-zenmen-no-kei-1883-1900.png","Rijksmuseum","Public domain","https://commons.wikimedia.org/wiki/File:Tokyo-Rokumeikan-zenmen-no-kei-1883-1900.png"
"吉野ヶ里遺跡","/images/q/yoshinogari.webp","建築","Yoshinogari-iseki_zenkei.JPG","Saigen Jiro","CC0","https://commons.wikimedia.org/wiki/File:Yoshinogari-iseki_zenkei.JPG"
"土偶","/images/q/dogu.webp","美術・遺物","青森県つがる市木造亀ヶ岡出土_遮光器土偶-2.JPG","Saigen Jiro","Public domain","https://commons.wikimedia.org/wiki/File:%E9%9D%92%E6%A3%AE%E7%9C%8C%E3%81%A4%E3%81%8C%E3%82%8B%E5%B8%82%E6%9C%A8%E9%80%A0%E4%BA%80%E3%83%B6%E5%B2%A1%E5%87%BA%E5%9C%9F_%E9%81%AE%E5%85%89%E5%99%A8%E5%9C%9F%E5%81%B6-2.JPG"
"縄文土器","/images/q/jomon-doki.webp","美術・遺物","伝新潟県長岡市馬高出土_火焔型土器_(J-39036)-1.JPG","Saigen Jiro","Public domain","https://commons.wikimedia.org/wiki/File:%E4%BC%9D%E6%96%B0%E6%BD%9F%E7%9C%8C%E9%95%B7%E5%B2%A1%E5%B8%82%E9%A6%AC%E9%AB%98%E5%87%BA%E5%9C%9F_%E7%81%AB%E7%84%94%E5%9E%8B%E5%9C%9F%E5%99%A8_(J-39036)-1.JPG"
"銅鐸","/images/q/dotaku.webp","美術・遺物","Dotaku (bell-shaped bronze) from Tsuri-Kojinyama, Hamamatsu-shi, Shizuoka, Yayoi period, 1st-3rd century - Tokyo National Museum - DSC05629.JPG","Daderot","CC0","https://commons.wikimedia.org/wiki/File:Dotaku_(bell-shaped_bronze)_from_Tsuri-Kojinyama,_Hamamatsu-shi,_Shizuoka,_Yayoi_period,_1st-3rd_century_-_Tokyo_National_Museum_-_DSC05629.JPG"
"埴輪","/images/q/haniwa.webp","美術・遺物","Haniwa - Warrior in Keiko Armor cropped.jpg","Kakidai","CC BY-SA 4.0","https://commons.wikimedia.org/wiki/File:Haniwa_-_Warrior_in_Keiko_Armor_cropped.jpg"
"見返り美人図","/images/q/mikaeri-bijin.webp","美術・遺物","Beauty_looking_back.jpg","Hishikawa Moronobu","Public domain","https://commons.wikimedia.org/wiki/File:Beauty_looking_back.jpg"
"富嶽三十六景","/images/q/fugaku.webp","美術・遺物","The_Great_Wave_off_Kanagawa.jpg","After Katsushika Hokusai","Public domain","https://commons.wikimedia.org/wiki/File:The_Great_Wave_off_Kanagawa.jpg"
"東海道五十三次","/images/q/tokaido53.webp","美術・遺物","Hiroshige-53-Stations-Hoeido-01-Nihonbashi-BM-03.jpg","Utagawa Hiroshige","Public domain","https://commons.wikimedia.org/wiki/File:Hiroshige-53-Stations-Hoeido-01-Nihonbashi-BM-03.jpg"
"秋冬山水図","/images/q/shuto-sansui.webp","美術・遺物","Autumn_and_Winter_Landscape.jpg","Sesshū Tōyō","Public domain","https://commons.wikimedia.org/wiki/File:Autumn_and_Winter_Landscape.jpg"
"厩戸王（聖徳太子）","/images/q/shotoku.webp","人物","Shōtoku_Taishi_Shōmankyō_Kōsan.jpg","Unknown authorUnknown author","Public domain","https://commons.wikimedia.org/wiki/File:Sh%C5%8Dtoku_Taishi_Sh%C5%8Dmanky%C5%8D_K%C5%8Dsan.jpg"
"源頼朝","/images/q/yoritomo.webp","人物","Minamoto no Yoritomo (cropped).jpg","Fujiwara no Takanobu","Public domain","https://commons.wikimedia.org/wiki/File:Minamoto_no_Yoritomo_(cropped).jpg"
"足利義満","/images/q/yoshimitsu.webp","人物","Yoshimitsu_Ashikaga_cropped.jpg","作者不明","Public domain","https://commons.wikimedia.org/wiki/File:Yoshimitsu_Ashikaga_cropped.jpg"
"織田信長","/images/q/nobunaga.webp","人物","Odanobunaga (cropped).jpg","狩野宗秀 (Kanō Sōshū, 1551 - 1601)","Public domain","https://commons.wikimedia.org/wiki/File:Odanobunaga_(cropped).jpg"
"豊臣秀吉","/images/q/hideyoshi.webp","人物","Toyotomi Hideyoshi (Kodaiji).jpg","Kanō Mitsunobu","Public domain","https://commons.wikimedia.org/wiki/File:Toyotomi_Hideyoshi_(Kodaiji).jpg"
"徳川家康","/images/q/ieyasu.webp","人物","Tokugawa_Ieyasu2_full.JPG","Kanō Tan'yū","Public domain","https://commons.wikimedia.org/wiki/File:Tokugawa_Ieyasu2_full.JPG"
"坂本龍馬","/images/q/ryoma.webp","人物","Sakamoto_Ryoma.jpg","Unknown authorUnknown author","Public domain","https://commons.wikimedia.org/wiki/File:Sakamoto_Ryoma.jpg"
"西郷隆盛","/images/q/saigo.webp","人物","Saigo_Takamori_Portrait_by_Ishikawa_Shizumasa.jpg","Ishikawa Shizumasa (1848-1925)","Public domain","https://commons.wikimedia.org/wiki/File:Saigo_Takamori_Portrait_by_Ishikawa_Shizumasa.jpg"
"伊藤博文","/images/q/ito-hirobumi.webp","人物","ITŌ_Hirobumi.jpg","Unknown authorUnknown author","Public domain","https://commons.wikimedia.org/wiki/File:IT%C5%8C_Hirobumi.jpg"
"福沢諭吉","/images/q/fukuzawa.webp","人物","Fukuzawa_Yukichi_1891.jpg","Fukuzawa Research Center","Public domain","https://commons.wikimedia.org/wiki/File:Fukuzawa_Yukichi_1891.jpg"
