"id","単元","難易度","学年","問題","答え","別解","誤答選択肢","解説","漢字注意","タグ","画像","地図","出典メモ","確認"
"g0001","国土・位置","基本","","日本の最北端にある島はどこか。","択捉島","","国後島|沖ノ鳥島|南鳥島","北海道に属する北方領土の一つ。最南端は沖ノ鳥島（東京都）、最東端は南鳥島（東京都）、最西端は与那国島（沖縄県）。","「択捉」は「えとろふ」と読む。","漢字","","","",""
"g0002","国土・位置","標準","","日本の最南端にあり、水没を防ぐために護岸工事が行われている島はどこか。","沖ノ鳥島","","南鳥島|与那国島|波照間島","東京都に属する。島が水没すると、周囲の広大な排他的経済水域を失うため、多額の費用をかけて護岸工事を行った。","","","","","",""
"g0003","国土・位置","標準","","沿岸から200海里（約370km）までの範囲で、沿岸国が水産資源や鉱産資源を利用する権利をもつ水域を何というか。","排他的経済水域","","領海|公海|接続水域","領海（12海里）の外側に設定される。日本は島国で離島が多いため、国土面積に比べて排他的経済水域がとても広い。","","","","","",""
"g0004","国土・位置","基本","","日本の標準時子午線は東経何度か。また、その経線が通る兵庫県の市はどこか。","東経135度／明石市","","","経度15度で1時間の時差が生じる。イギリスのロンドンを通る本初子午線（0度）との差は135度なので、日本はロンドンより9時間進んでいる。","","多答","","","",""
"g0005","地形","基本","","日本で最も長い川は何か。","信濃川","","利根川|石狩川|北上川","長野県（千曲川）から新潟県を流れ日本海に注ぐ。流域面積が最も広いのは利根川で、「長さ＝信濃川、流域面積＝利根川」を区別する。","","ひっかけ","","","",""
"g0006","地形","基本","","日本で最も面積の大きい湖は何か。","琵琶湖","","霞ヶ浦|サロマ湖|猪苗代湖","滋賀県の面積の約6分の1をしめる。京阪神地方の水がめとして重要。2番目に大きいのは茨城県の霞ヶ浦。","「琵琶」は「王（たまへん）」が2つずつ。","漢字","","","",""
"g0007","地形","標準","","三陸海岸の南部や志摩半島などに見られる、のこぎりの歯のように入り組んだ海岸を何というか。","リアス海岸","","砂浜海岸|フィヨルド|三角州","山地が海にしずみこんでできた。湾内は波がおだやかで水深があるため養殖業や港に適しているが、津波の被害が大きくなりやすい。","","","","","",""
"g0008","地形","標準","","川が山地から平地に出るところに、運ばれた土砂が積もってできた扇形の地形を何というか。","扇状地","","三角州|台地|河岸段丘","水はけがよいため果樹園に利用されることが多い。山梨県の甲府盆地ではぶどう・ももの栽培がさかん。川が海に出るところにできるのは三角州。","","","","","",""
"g0009","地形","標準","","濃尾平野の南西部に見られる、洪水から集落や耕地を守るために周りを堤防で囲んだ地域を何というか。","輪中","","干拓地|扇状地|三角州","木曽三川（木曽川・長良川・揖斐川）が集まる低い土地。家を石垣の上に建てたり、水屋（避難用の建物）を設けたりする工夫が見られる。","","","","","",""
"g0010","地形","最難関","","日本列島を東北日本と西南日本に分ける大地溝帯（フォッサマグナ）の西の端にあたる断層線を何というか。","糸魚川静岡構造線","","中央構造線|日本海溝|フォッサマグナ","新潟県糸魚川市から長野県・山梨県を通り静岡県静岡市付近に至る。この線の西側に飛驒・木曽・赤石の各山脈（日本アルプス）が連なる。","「糸魚川」は「いといがわ」と読む。","ひっかけ|漢字","","","",""
"g0011","気候","基本","","冬に北西の季節風の影響で雪や雨が多くなるのは、どの気候区分か。","日本海側の気候","","太平洋側の気候|瀬戸内の気候|中央高地の気候","大陸からの冷たく乾いた季節風が、日本海の上で水蒸気をふくみ、山地にぶつかって雪を降らせる。太平洋側では冬は乾燥して晴れの日が多い。","","","","","",""
"g0012","気候","標準","","一年を通じて降水量が少なく比較的温暖な、香川県高松市などに代表される気候区分は何か。","瀬戸内の気候","","中央高地の気候|太平洋側の気候|南西諸島の気候","夏の南東の季節風は四国山地に、冬の北西の季節風は中国山地にさえぎられるため雨が少ない。讃岐平野では水不足に備えてため池が多くつくられ、香川用水も引かれている。","","","","","",""
"g0013","気候","標準","","夏に東北地方の太平洋側に吹く、冷たくしめった北東の風を何というか。","やませ","","からっ風|フェーン現象|偏西風","この風が長く続くと、日照不足と低温で稲が十分に育たない冷害が起こりやすい。寒流の千島海流（親潮）の上を吹いてくるため冷たい。","","","","","",""
"g0014","気候","標準","","日本列島の太平洋側を南から北へ流れる暖流を何というか。","日本海流（黒潮）","","千島海流（親潮）|対馬海流|リマン海流","太平洋側の寒流は千島海流（親潮）。日本海側の暖流は対馬海流、寒流はリマン海流。暖流と寒流がぶつかる潮目（潮境）はプランクトンが多く好漁場になる。","","","","","",""
"g0015","農業","基本","","宮崎平野や高知平野で、ビニールハウスなどを利用して野菜の出荷時期を早める栽培方法を何というか。","促成栽培","","抑制栽培|近郊農業|二毛作","温暖な気候を利用し、ほかの産地の出荷が少ない冬から春に出荷して高い値段で売る。ピーマン・きゅうり・なすなどが代表。反対に出荷を遅らせるのが抑制栽培。","","","","","",""
"g0016","農業","標準","","群馬県嬬恋村などで、夏でもすずしい高原の気候を利用してキャベツなどの出荷時期を遅らせる栽培方法を何というか。","抑制栽培（高冷地農業）","","促成栽培|近郊農業|輪作","ほかの産地の出荷が少ない夏に出荷できる。長野県の野辺山原などのレタスも同じ。「促成＝早める（暖かい地域）」「抑制＝遅らせる（すずしい地域）」。","","","","","",""
"g0017","農業","基本","","りんごの生産量が全国1位の都道府県はどこか。","青森県","","長野県|山形県|北海道","全国の生産量の半分以上をしめる。2位は長野県。りんごはすずしい気候に適した果物。みかんなど温暖な気候に適した果物の産地と対比して覚える。","","統計","","","要確認：最新の統計年を記入",""
"g0018","農業","基本","","みかんの生産量が全国1位の都道府県はどこか。","和歌山県","","愛媛県|静岡県|熊本県","温暖で日当たりのよい山の斜面で栽培される。愛媛県・静岡県も主な産地。いずれも太平洋や瀬戸内海に面した温暖な地域。","","統計","","","要確認：最新の統計年を記入",""
"g0019","工業","基本","","製造品出荷額が日本で最も多い工業地帯はどこか。","中京工業地帯","","阪神工業地帯|京浜工業地帯|北九州工業地帯","愛知県・三重県を中心とする。豊田市を中心とした自動車工業がさかんで、機械工業の割合が非常に高いのが特徴。","","統計","","","要確認：最新の統計年を記入",""
"g0020","工業","標準","","製造品出荷額にしめる化学工業の割合が最も高い、千葉県の東京湾沿岸に広がる工業地域はどこか。","京葉工業地域","","京浜工業地帯|瀬戸内工業地域|東海工業地域","埋め立て地に石油化学コンビナートや製鉄所が立ち並ぶ。工業地帯・地域の出荷額の割合のグラフで「化学が最大」なら京葉と判断できる。","","統計","","","要確認：最新の統計年を記入",""
"g0021","工業","標準","","1901年に操業を開始し、北九州工業地帯（地域）が発展するきっかけとなった官営工場は何か。","八幡製鉄所","","富岡製糸場|大阪紡績会社|釜石製鉄所","近くの筑豊炭田の石炭と、中国から輸入しやすい鉄鉱石を利用できることから現在の福岡県北九州市に建設された。日清戦争の賠償金の一部が建設に使われた。","","","","","",""
"g0022","都道府県・地方","基本","","日本で人口が最も少ない都道府県はどこか。","鳥取県","","島根県|高知県|徳島県","人口はおよそ50万人台。鳥取砂丘や、砂丘地でのらっきょう・ながいもの栽培が知られる。人口が最も多いのは東京都。","","統計","","","要確認：最新の統計年を記入",""
"g0023","国土・位置","標準","","北方領土にふくまれる4つの島（島々）をすべて答えよ。","択捉島・国後島・色丹島・歯舞群島","","","第二次世界大戦後にソ連が占領し、現在もロシアが占拠している。日本は返還を求め続けている。","読みは「えとろふ・くなしり・しこたん・はぼまい」。","多答|漢字","","","",""
"g0024","世界遺産・文化","標準","","「白川郷・五箇山の合掌造り集落」がある2つの県はどこか。","岐阜県・富山県","","岐阜県・石川県|富山県・石川県|長野県・岐阜県","白川郷が岐阜県、五箇山が富山県。雪が多い地域のため、雪が積もりにくい急な傾きの茅ぶき屋根が特徴。1995年に世界文化遺産に登録された。","","","","","",""
