"指標","順位","名前","値","単位","年","統計名","表ID","注記"
"みかんの収穫量","1","和歌山県","141700","t","2024年産","作物統計調査","0004046674",""
"みかんの収穫量","2","静岡県","88500","t","2024年産","作物統計調査","0004046674",""
"みかんの収穫量","3","愛媛県","76100","t","2024年産","作物統計調査","0004046674",""
"みかんの収穫量","4","熊本県","63800","t","2024年産","作物統計調査","0004046674",""
"みかんの収穫量","5","佐賀県","29400","t","2024年産","作物統計調査","0004046674",""
"みかんの収穫量","6","長崎県","29100","t","2024年産","作物統計調査","0004046674",""
"みかんの収穫量","7","愛知県","19600","t","2024年産","作物統計調査","0004046674",""
"みかんの収穫量","8","福岡県","13400","t","2024年産","作物統計調査","0004046674",""
"みかんの収穫量","9","三重県","12200","t","2024年産","作物統計調査","0004046674",""
"みかんの収穫量","10","広島県","11100","t","2024年産","作物統計調査","0004046674",""
"りんごの収穫量","1","青森県","370500","t","2024年産","作物統計調査","0004046679",""
"りんごの収穫量","2","長野県","106400","t","2024年産","作物統計調査","0004046679",""
"りんごの収穫量","3","岩手県","36700","t","2024年産","作物統計調査","0004046679",""
"りんごの収穫量","4","山形県","32700","t","2024年産","作物統計調査","0004046679",""
"りんごの収穫量","5","福島県","19400","t","2024年産","作物統計調査","0004046679",""
"りんごの収穫量","6","秋田県","18600","t","2024年産","作物統計調査","0004046679",""
"りんごの収穫量","7","北海道","6710","t","2024年産","作物統計調査","0004046679",""
"りんごの収穫量","8","群馬県","5840","t","2024年産","作物統計調査","0004046679",""
"りんごの収穫量","9","宮城県","2340","t","2024年産","作物統計調査","0004046679",""
"りんごの収穫量","10","広島県","1460","t","2024年産","作物統計調査","0004046679",""
"日本なしの収穫量","1","千葉県","21400","t","2024年産","作物統計調査","0004046680",""
"日本なしの収穫量","2","茨城県","17100","t","2024年産","作物統計調査","0004046680",""
"日本なしの収穫量","3","福島県","14800","t","2024年産","作物統計調査","0004046680",""
"日本なしの収穫量","4","栃木県","14600","t","2024年産","作物統計調査","0004046680",""
"日本なしの収穫量","5","長野県","11700","t","2024年産","作物統計調査","0004046680",""
"日本なしの収穫量","6","鳥取県","10300","t","2024年産","作物統計調査","0004046680",""
"日本なしの収穫量","7","大分県","5920","t","2024年産","作物統計調査","0004046680",""
"日本なしの収穫量","8","新潟県","5820","t","2024年産","作物統計調査","0004046680",""
"日本なしの収穫量","9","埼玉県","5670","t","2024年産","作物統計調査","0004046680",""
"日本なしの収穫量","10","福岡県","5410","t","2024年産","作物統計調査","0004046680",""
"ももの収穫量","1","山梨県","31500","t","2024年産","作物統計調査","0004046684",""
"ももの収穫量","2","福島県","29100","t","2024年産","作物統計調査","0004046684",""
"ももの収穫量","3","長野県","11400","t","2024年産","作物統計調査","0004046684",""
"ももの収穫量","4","山形県","10300","t","2024年産","作物統計調査","0004046684",""
"ももの収穫量","5","和歌山県","5730","t","2024年産","作物統計調査","0004046684",""
"ももの収穫量","6","岡山県","5360","t","2024年産","作物統計調査","0004046684",""
"ももの収穫量","7","青森県","2010","t","2024年産","作物統計調査","0004046684",""
"ももの収穫量","8","新潟県","1740","t","2024年産","作物統計調査","0004046684",""
"ももの収穫量","9","岐阜県","620","t","2024年産","作物統計調査","0004046684",""
"ももの収穫量","10","香川県","567","t","2024年産","作物統計調査","0004046684",""
"おうとう（さくらんぼ）の収穫量","1","山形県","8590","t","2024年産","作物統計調査","0004046686",""
"おうとう（さくらんぼ）の収穫量","2","北海道","1160","t","2024年産","作物統計調査","0004046686",""
"おうとう（さくらんぼ）の収穫量","3","山梨県","468","t","2024年産","作物統計調査","0004046686",""
"おうとう（さくらんぼ）の収穫量","4","秋田県","250","t","2024年産","作物統計調査","0004046686",""
"うめの収穫量","1","和歌山県","29700","t","2024年産","作物統計調査","0004046687",""
"うめの収穫量","2","群馬県","4150","t","2024年産","作物統計調査","0004046687",""
"うめの収穫量","3","山梨県","1210","t","2024年産","作物統計調査","0004046687",""
"うめの収穫量","4","宮城県","1070","t","2024年産","作物統計調査","0004046687",""
"うめの収穫量","5","神奈川県","1070","t","2024年産","作物統計調査","0004046687",""
"うめの収穫量","6","三重県","966","t","2024年産","作物統計調査","0004046687",""
"うめの収穫量","7","長野県","912","t","2024年産","作物統計調査","0004046687",""
"うめの収穫量","8","福井県","746","t","2024年産","作物統計調査","0004046687",""
"うめの収穫量","9","茨城県","706","t","2024年産","作物統計調査","0004046687",""
"うめの収穫量","10","大分県","692","t","2024年産","作物統計調査","0004046687",""
"ぶどうの収穫量","1","山梨県","43600","t","2024年産","作物統計調査","0004046688",""
"ぶどうの収穫量","2","長野県","32100","t","2024年産","作物統計調査","0004046688",""
"ぶどうの収穫量","3","岡山県","14300","t","2024年産","作物統計調査","0004046688",""
"ぶどうの収穫量","4","山形県","14000","t","2024年産","作物統計調査","0004046688",""
"ぶどうの収穫量","5","福岡県","5980","t","2024年産","作物統計調査","0004046688",""
"ぶどうの収穫量","6","北海道","5900","t","2024年産","作物統計調査","0004046688",""
"ぶどうの収穫量","7","大阪府","3340","t","2024年産","作物統計調査","0004046688",""
"ぶどうの収穫量","8","青森県","3170","t","2024年産","作物統計調査","0004046688",""
"ぶどうの収穫量","9","愛知県","3070","t","2024年産","作物統計調査","0004046688",""
"ぶどうの収穫量","10","広島県","2990","t","2024年産","作物統計調査","0004046688",""
"茶（荒茶）の生産量","1","鹿児島県","27000","t","2024年産","作物統計調査","0004046428",""
"茶（荒茶）の生産量","2","静岡県","25800","t","2024年産","作物統計調査","0004046428",""
"茶（荒茶）の生産量","3","三重県","5020","t","2024年産","作物統計調査","0004046428",""
"茶（荒茶）の生産量","4","京都府","2780","t","2024年産","作物統計調査","0004046428",""
"茶（荒茶）の生産量","5","宮崎県","2640","t","2024年産","作物統計調査","0004046428",""
"茶（荒茶）の生産量","6","福岡県","1650","t","2024年産","作物統計調査","0004046428",""
"茶（荒茶）の生産量","7","熊本県","1200","t","2024年産","作物統計調査","0004046428",""
"茶（荒茶）の生産量","8","埼玉県","838","t","2024年産","作物統計調査","0004046428",""
"漁港別の出荷量（主要品目の合計）","1","釧路（北海道）","156392","t","2024年","水産物流通調査","0004046259","主要品目のみの合計。全魚種の水揚量とは異なる"
"漁港別の出荷量（主要品目の合計）","2","銚子（千葉）","141225","t","2024年","水産物流通調査","0004046259","主要品目のみの合計。全魚種の水揚量とは異なる"
"漁港別の出荷量（主要品目の合計）","3","焼津（静岡）","112773","t","2024年","水産物流通調査","0004046259","主要品目のみの合計。全魚種の水揚量とは異なる"
"漁港別の出荷量（主要品目の合計）","4","境（鳥取）","108701","t","2024年","水産物流通調査","0004046259","主要品目のみの合計。全魚種の水揚量とは異なる"
"漁港別の出荷量（主要品目の合計）","5","石巻（宮城）","70644","t","2024年","水産物流通調査","0004046259","主要品目のみの合計。全魚種の水揚量とは異なる"
"漁港別の出荷量（主要品目の合計）","6","松浦（長崎）","67235","t","2024年","水産物流通調査","0004046259","主要品目のみの合計。全魚種の水揚量とは異なる"
"漁港別の出荷量（主要品目の合計）","7","枕崎（鹿児島）","62045","t","2024年","水産物流通調査","0004046259","主要品目のみの合計。全魚種の水揚量とは異なる"
"漁港別の出荷量（主要品目の合計）","8","八戸（青森）","54672","t","2024年","水産物流通調査","0004046259","主要品目のみの合計。全魚種の水揚量とは異なる"
"漁港別の出荷量（主要品目の合計）","9","気仙沼（宮城）","48995","t","2024年","水産物流通調査","0004046259","主要品目のみの合計。全魚種の水揚量とは異なる"
"漁港別の出荷量（主要品目の合計）","10","長崎（長崎）","40488","t","2024年","水産物流通調査","0004046259","主要品目のみの合計。全魚種の水揚量とは異なる"
